City,Total,Percentage,PopulationGrowthRate,NumberofBurgalariesreported,CrimeRate,PropertyCrimeRate,HousingConstruction,HouseholdsPerZipCode,AverageHouseValue
Houston,567640,50.22972306,-0.0525,5,132,61.50,-0.0233,10001,94000
Chicago,550579,84.72389975,0.0016,6266,109250,42580.50,-0.0013,12000,258000
Brooklyn,503335,68.74010351,0.0146,7616,141224,56358.00,0.0125,11663,676200
Los Angeles,435664,65.04393294,0.0053,4918,102310,41569.50,0.0037,6486,309400
New York,405625,61.16289676,0.0074,7958,186311,67874.00,0.0094,5516,632400
Miami,330137,69.75316308,-0.0223,3,78,36.50,-0.0483,9410,70600
Philadelphia,325128,72.9930981,0.0178,14,362,156.50,0.0134,4492,72100
San Antonio,312299,70.98805952,0.0216,2374,85096,38696.00,0.0087,8249,81200
